seal_name,seal_cls,index_name,seal_interpretation
1(1)_0.jpg,0,0.jpg,原濟
1(11)_0.jpg,0,30.jpg,原濟
1(12)_1.jpg,0,60.jpg,原濟
1(2)_1.jpg,0,90.jpg,原濟
1(3)_2.jpg,0,120.jpg,原濟
1(6)_0.jpg,0,150.jpg,原濟
1(7)_1.jpg,0,180.jpg,原濟
1(9)_0.jpg,0,210.jpg,原濟
1(1)_1.jpg,1,0.jpg,石濤
1(11)_1.jpg,1,30.jpg,石濤
1(12)_0.jpg,1,60.jpg,石濤
1(2)_0.jpg,1,90.jpg,石濤
1(3)_1.jpg,1,120.jpg,石濤
1(6)_1.jpg,1,150.jpg,石濤
1(7)_0.jpg,1,180.jpg,石濤
1(9)_1.jpg,1,210.jpg,石濤
1(10)_0.jpg,2,0.jpg,老濤
1(4)_0.jpg,2,30.jpg,老濤
1(5)_1.jpg,2,60.jpg,老濤
1(8)_0.jpg,3,0.jpg,法門
1(5)_0.jpg,4,0.jpg,海昌錢鏡塘藏
1(5)_2.jpg,5,0.jpg,寶岡珍藏
1(3)_0.jpg,6,0.jpg,鏡塘審定
3_9.jpg,7,0.jpg,濟山僧
3_11.jpg,8,0.jpg,清湘石濤
3_14.jpg,9,0.jpg,徐伯郊家珍藏
3_13.jpg,10,0.jpg,雲松館
3_16.jpg,11,0.jpg,朱靖侯家珍藏
3_15.jpg,12,0.jpg,朱爵私印
3_18.jpg,13,0.jpg,伍氏儷荃平生真賞
3_17.jpg,14,0.jpg,伍元蕙儷荃甫評書讀畫之印
3_19.jpg,15,0.jpg,黄仲明鑑賞章
3_0.jpg,16,0.jpg,梅子
3_20.jpg,17,0.jpg,臣清
3_3.jpg,18,0.jpg,箝盦
3_4.jpg,19,0.jpg,新化周遊收藏
3_5.jpg,20,0.jpg,如願
3_1.jpg,21,0.jpg,如如居士
3_2.jpg,22,0.jpg,徐伯郊經眼記
3_6.jpg,23,0.jpg,南海伍氏南雪齋秘笈印
3_7.jpg,24,0.jpg,儷荃審定
3_8.jpg,25,0.jpg,伍氏澄觀閣書畫之印
3_10.jpg,26,0.jpg,吴榮光印
3_12.jpg,27,0.jpg,黄氏仲明
6(1)_3.jpg,28,0.jpg,石濤
6(10)_2.jpg,28,30.jpg,石濤
6(2)_3.jpg,28,60.jpg,石濤
6(4)_4.jpg,28,90.jpg,石濤
6(1)_8.jpg,29,0.jpg,隨筆去
6(12)_3.jpg,29,30.jpg,隨筆去
6(2)_4.jpg,29,60.jpg,隨筆去
6(3)_4.jpg,30,0.jpg,粤山
6(4)_3.jpg,30,30.jpg,粤山
6(12)_4.jpg,31,0.jpg,石濤
6(3)_5.jpg,31,30.jpg,石濤
6(6)_3.jpg,32,0.jpg,濟山僧
6(6)_4.jpg,33,0.jpg,前有龍眠
6(7)_3.jpg,33,30.jpg,前有龍眠
6(8)_1.jpg,34,0.jpg,弄墨人老濤
6(9)_1.jpg,35,0.jpg,得未曾有
6(9)_2.jpg,36,0.jpg,老濤
6(1)_1.jpg,37,0.jpg,積翠園珍存
6(10)_1.jpg,37,30.jpg,積翠園珍存
6(12)_1.jpg,37,60.jpg,積翠園珍存
6(2)_1.jpg,37,90.jpg,積翠園珍存
6(3)_1.jpg,37,120.jpg,積翠園珍存
6(4)_2.jpg,37,150.jpg,積翠園珍存
6(5)_1.jpg,37,180.jpg,積翠園珍存
6(6)_1.jpg,37,210.jpg,積翠園珍存
6(7)_2.jpg,37,240.jpg,積翠園珍存
6(8)_5.jpg,37,270.jpg,積翠園珍存
6(1)_0.jpg,38,0.jpg,嵐英心賞
6(10)_5.jpg,38,30.jpg,嵐英心賞
6(12)_2.jpg,38,60.jpg,嵐英心賞
6(2)_2.jpg,38,90.jpg,嵐英心賞
6(4)_0.jpg,38,120.jpg,嵐英心賞
6(5)_2.jpg,38,150.jpg,嵐英心賞
6(6)_0.jpg,38,180.jpg,嵐英心賞
6(7)_1.jpg,38,210.jpg,嵐英心賞
6(1)_5.jpg,39,0.jpg,陳英
6(10)_3.jpg,39,30.jpg,陳英
6(11)_2.jpg,39,60.jpg,陳英
6(12)_5.jpg,39,90.jpg,陳英
6(2)_5.jpg,39,120.jpg,陳英
6(3)_0.jpg,39,150.jpg,陳英
6(4)_5.jpg,39,180.jpg,陳英
6(6)_5.jpg,39,210.jpg,陳英
6(7)_4.jpg,39,240.jpg,陳英
6(8)_3.jpg,39,270.jpg,陳英
6(9)_4.jpg,39,300.jpg,陳英
6(1)_6.jpg,40,0.jpg,積翠園主
6(10)_4.jpg,40,30.jpg,積翠園主
6(11)_3.jpg,40,60.jpg,積翠園主
6(12)_6.jpg,40,90.jpg,積翠園主
6(2)_6.jpg,40,120.jpg,積翠園主
6(3)_3.jpg,40,150.jpg,積翠園主
6(4)_6.jpg,40,180.jpg,積翠園主
6(6)_6.jpg,40,210.jpg,積翠園主
6(7)_5.jpg,40,240.jpg,積翠園主
6(8)_4.jpg,40,270.jpg,積翠園主
6(9)_3.jpg,40,300.jpg,積翠園主
6(1)_2.jpg,41,0.jpg,冠英
6(10)_0.jpg,41,30.jpg,冠英
6(11)_4.jpg,41,60.jpg,冠英
6(12)_0.jpg,41,90.jpg,冠英
6(2)_0.jpg,41,120.jpg,冠英
6(3)_2.jpg,41,150.jpg,冠英
6(4)_1.jpg,41,180.jpg,冠英
6(5)_0.jpg,41,210.jpg,冠英
6(6)_2.jpg,41,240.jpg,冠英
6(7)_0.jpg,41,270.jpg,冠英
6(8)_0.jpg,41,300.jpg,冠英
6(9)_0.jpg,41,330.jpg,冠英
6(12)_7.jpg,42,0.jpg,徐邦達印
6(11)_0.jpg,43,0.jpg,嵐英心賞
6(8)_2.jpg,43,30.jpg,嵐英心賞
6(11)_1.jpg,44,0.jpg,輸與空山枕石頭
6(1)_7.jpg,45,0.jpg,孚尹長壽
103_2.jpg,46,0.jpg,粤山
103_3.jpg,47,0.jpg,法門
103_4.jpg,48,0.jpg,苦瓜
103_0.jpg,49,0.jpg,前有龍眠濟
103_1.jpg,50,0.jpg,虚齋審定
109_2.jpg,51,0.jpg,于今爲庶爲清門
109_0.jpg,52,0.jpg,靖江後人
109_1.jpg,53,0.jpg,大滌堂
109_3.jpg,54,0.jpg,大滌堂
110_2.jpg,55,0.jpg,搜盡奇峰打艸稿
110_3.jpg,56,0.jpg,鄉年苦瓜
110_0.jpg,57,0.jpg,靖江後人
110_6.jpg,58,0.jpg,于今爲庶爲清門
110_1.jpg,59,0.jpg,大滌子
110_5.jpg,60,0.jpg,藏之大千
110_4.jpg,61,0.jpg,張之印
117_5.jpg,62,0.jpg,若極
117_0.jpg,63,0.jpg,清湘石濤
117_1.jpg,64,0.jpg,零丁老人
117_10.jpg,65,0.jpg,大風堂漸江髡殘雪箇苦瓜墨緣
117_9.jpg,66,0.jpg,别時容易
117_8.jpg,67,0.jpg,田溪書屋
117_3.jpg,68,0.jpg,球圖寶骨肉情
117_2.jpg,69,0.jpg,新化周遊收藏
117_7.jpg,70,0.jpg,田溪書屋鑑藏
117_6.jpg,71,0.jpg,冠五清賞
117_4.jpg,72,0.jpg,游于藝
117_11.jpg,73,0.jpg,涵齋
117_12.jpg,74,0.jpg,倫瀚之章
118_0.jpg,75,0.jpg,癡絶
118_1.jpg,76,0.jpg,若極
118_2.jpg,77,0.jpg,零丁老人
119_1.jpg,78,0.jpg,半箇漢
119_2.jpg,79,0.jpg,大滌子極
119_0.jpg,80,0.jpg,虚齋藏扇
12_2.jpg,81,0.jpg,濟山僧
12_3.jpg,82,0.jpg,老濤
12_0.jpg,83,0.jpg,大風堂漸江髡殘雪箇苦瓜墨緣
12_1.jpg,84,0.jpg,大千好夢
12_4.jpg,85,0.jpg,大千供養
12_9.jpg,86,0.jpg,大千居士供養百石之一
12_5.jpg,87,0.jpg,大千之寶
12_6.jpg,88,0.jpg,球圖寶骨肉情
12_7.jpg,89,0.jpg,大風堂長物
12_8.jpg,90,0.jpg,不負古人告後人
121_2.jpg,91,0.jpg,大本堂極
121_3.jpg,92,0.jpg,大滌子
121_1.jpg,93,0.jpg,宇文收藏書畫印
121_0.jpg,94,0.jpg,虚齋藏扇
127(1)(2)_7.jpg,95,0.jpg,善果月之子天童忞之孫原濟之章
127(1)(1)_16.jpg,96,0.jpg,苦瓜和尚
127(1)(2)_9.jpg,97,0.jpg,如如居士之章
127(1)(2)_10.jpg,98,0.jpg,朱靖侯家珍藏
127(1)(2)_1.jpg,99,0.jpg,雲松館
127(1)(2)_4.jpg,100,0.jpg,箝盦
127(1)(2)_6.jpg,101,0.jpg,藝林至寶
127(1)(1)_12.jpg,102,0.jpg,朱榮爵氏審定真迹
127(1)(2)_8.jpg,102,30.jpg,朱榮爵氏審定真迹
127(1)(2)_0.jpg,103,0.jpg,如願
127(1)(2)_2.jpg,104,0.jpg,靖侯祕笈
127(1)(2)_3.jpg,105,0.jpg,朱爵私印
127(1)(2)_5.jpg,106,0.jpg,戴培之家珍藏
127(1)(1)_14.jpg,107,0.jpg,翰墨軒主人
127(1)(1)_15.jpg,108,0.jpg,靖侯藏
127(1)(1)_11.jpg,109,0.jpg,黄田邨人
127(1)(1)_13.jpg,110,0.jpg,珎顛寶迂之齋
127(1)(1)_8.jpg,111,0.jpg,曉園先生之子
127(1)(1)_9.jpg,112,0.jpg,箝盦
127(1)(1)_10.jpg,113,0.jpg,江都布衣
127(1)(1)_6.jpg,114,0.jpg,書載
127(1)(1)_7.jpg,115,0.jpg,杜乘
127(1)(1)_5.jpg,116,0.jpg,讀書舫印
127(1)(1)_4.jpg,117,0.jpg,安吴朱榮爵字靖侯所藏書畫
127(1)(1)_0.jpg,118,0.jpg,古潤戴植培之氏一字芝農鑑藏書畫記
127(1)(1)_2.jpg,119,0.jpg,朱箝盦父祕笈之印
127(1)(1)_3.jpg,120,0.jpg,雲松館藏
127(1)(1)_1.jpg,121,0.jpg,雲松館圖書記
13_1.jpg,122,0.jpg,畫法
13_2.jpg,123,0.jpg,濟山僧
13_3.jpg,124,0.jpg,何處是深山
13_0.jpg,125,0.jpg,櫟園居士
132_1.jpg,126,0.jpg,何可一日無此君
132_0.jpg,127,0.jpg,己丑以後所得
132_2.jpg,128,0.jpg,大千居士供養百石之一
132_3.jpg,129,0.jpg,别時容易
132_4.jpg,130,0.jpg,南北東西只有相隨無别離
132_5.jpg,131,0.jpg,球圖寶骨肉情
132_6.jpg,132,0.jpg,敵國之富
133(1)_1.jpg,133,0.jpg,石濤
133(17)_0.jpg,133,30.jpg,石濤
133(18)_0.jpg,133,60.jpg,石濤
133(1)_0.jpg,134,0.jpg,原濟
133(17)_1.jpg,134,30.jpg,原濟
133(10)_0.jpg,135,0.jpg,釋元濟印
133(2)_0.jpg,135,30.jpg,釋元濟印
133(20)_0.jpg,135,60.jpg,釋元濟印
133(3)_0.jpg,135,90.jpg,釋元濟印
133(6)_0.jpg,135,120.jpg,釋元濟印
133(16)_0.jpg,136,0.jpg,苦瓜和尚濟畫法
133(4)_0.jpg,136,30.jpg,苦瓜和尚濟畫法
133(11)_1.jpg,137,0.jpg,原濟
133(12)_1.jpg,137,30.jpg,原濟
133(13)_1.jpg,137,60.jpg,原濟
133(19)_1.jpg,137,90.jpg,原濟
133(21)_0.jpg,137,120.jpg,原濟
133(23)_0.jpg,137,150.jpg,原濟
133(5)_1.jpg,137,180.jpg,原濟
133(7)_0.jpg,137,210.jpg,原濟
133(9)_1.jpg,137,240.jpg,原濟
133(11)_0.jpg,138,0.jpg,石濤
133(12)_0.jpg,138,30.jpg,石濤
133(13)_0.jpg,138,60.jpg,石濤
133(19)_0.jpg,138,90.jpg,石濤
133(21)_1.jpg,138,120.jpg,石濤
133(23)_1.jpg,138,150.jpg,石濤
133(5)_0.jpg,138,180.jpg,石濤
133(7)_1.jpg,138,210.jpg,石濤
133(9)_2.jpg,138,240.jpg,石濤
133(14)_0.jpg,139,0.jpg,頭白依然不識字
133(15)_0.jpg,139,30.jpg,頭白依然不識字
133(24)_0.jpg,139,60.jpg,頭白依然不識字
133(8)_0.jpg,140,0.jpg,前有龍眠濟
133(22)_0.jpg,141,0.jpg,苦瓜和尚
133(9)_0.jpg,142,0.jpg,暂无
14_0.jpg,143,0.jpg,原濟
14_1.jpg,144,0.jpg,石濤
14_2.jpg,145,0.jpg,津門羅雲章珍藏印
142(10)_0.jpg,146,0.jpg,小乘客
143_0.jpg,147,0.jpg,于今爲庶爲清門
143_1.jpg,148,0.jpg,大滌堂
144(1)_2.jpg,149,0.jpg,老濤
144(6)_0.jpg,149,30.jpg,老濤
144(2)_1.jpg,150,0.jpg,前有龍眠濟
144(3)_1.jpg,151,0.jpg,法門
144(3)_0.jpg,152,0.jpg,原濟
144(4)_0.jpg,153,0.jpg,學書
144(4)_2.jpg,154,0.jpg,石濤
144(4)_1.jpg,155,0.jpg,原濟
144(5)_0.jpg,156,0.jpg,阿長
144(7)_0.jpg,157,0.jpg,元濟
144(7)_1.jpg,158,0.jpg,苦瓜
144(1)_1.jpg,159,0.jpg,燕如心賞
144(2)_0.jpg,159,30.jpg,燕如心賞
144(1)_0.jpg,160,0.jpg,黎簡
145_8.jpg,161,0.jpg,搜盡奇峰打艸稿
145_6.jpg,162,0.jpg,大滌子極
145_7.jpg,163,0.jpg,零丁老人
145_5.jpg,164,0.jpg,覃溪
145_0.jpg,165,0.jpg,恩加二品重讌瓊林
145_4.jpg,166,0.jpg,二谷之印
145_3.jpg,167,0.jpg,益如印信
145_2.jpg,168,0.jpg,苦中作樂
145_1.jpg,169,0.jpg,張爰
146(1)_0.jpg,170,0.jpg,半箇漢
146(4)_1.jpg,170,30.jpg,半箇漢
146(3)_0.jpg,171,0.jpg,阿長
146(4)_0.jpg,171,30.jpg,阿長
146(2)_3.jpg,172,0.jpg,苦瓜
146(2)_2.jpg,173,0.jpg,原濟
146(5)_1.jpg,174,0.jpg,眼中之人吾老矣
146(6)_2.jpg,175,0.jpg,鈍根
146(1)_1.jpg,176,0.jpg,粤山
146(9)_0.jpg,177,0.jpg,我何濟之有
146(7)_0.jpg,178,0.jpg,冰雪悟前身
146(4)_2.jpg,179,0.jpg,張爰
146(4)_3.jpg,180,0.jpg,大千
146(3)_1.jpg,181,0.jpg,球圖寶骨肉情
146(1)_2.jpg,182,0.jpg,大風堂漸江髡殘雪箇苦瓜墨緣
146(2)_4.jpg,182,30.jpg,大風堂漸江髡殘雪箇苦瓜墨緣
146(8)_1.jpg,182,60.jpg,大風堂漸江髡殘雪箇苦瓜墨緣
146(2)_0.jpg,183,0.jpg,大千居士供養百石之一
146(7)_1.jpg,183,30.jpg,大千居士供養百石之一
146(2)_1.jpg,184,0.jpg,藏之大千
146(5)_0.jpg,185,0.jpg,大風堂
146(6)_0.jpg,186,0.jpg,大風堂
146(6)_1.jpg,187,0.jpg,張爰
146(7)_3.jpg,188,0.jpg,蜀郡張爰
146(7)_2.jpg,189,0.jpg,三千大千
146(9)_1.jpg,190,0.jpg,别時容易
146(8)_0.jpg,191,0.jpg,大風堂長物
16_2.jpg,192,0.jpg,原濟
16_1.jpg,193,0.jpg,石濤
16_0.jpg,194,0.jpg,前有龍眠濟
170_0.jpg,195,0.jpg,老濤
170_7.jpg,196,0.jpg,搜盡奇峰打艸稿
170_1.jpg,197,0.jpg,膏肓子濟
170_2.jpg,198,0.jpg,四百峰中箬笠翁圖書
170_8.jpg,199,0.jpg,□□
170_10.jpg,200,0.jpg,吴氏荷屋平生真賞
170_6.jpg,201,0.jpg,保養天和
170_3.jpg,202,0.jpg,温氏遂之
170_11.jpg,203,0.jpg,羅
170_4.jpg,204,0.jpg,臣天池印
170_5.jpg,205,0.jpg,伯子六湖
170_9.jpg,205,30.jpg,伯子六湖
173_1.jpg,206,0.jpg,癡絶
173_3.jpg,207,0.jpg,清湘老人
173_4.jpg,208,0.jpg,膏肓子濟
173_2.jpg,209,0.jpg,唐雲審定
173_0.jpg,210,0.jpg,何理盦心賞
179(1)_1.jpg,211,0.jpg,老濤
179(2)_0.jpg,211,30.jpg,老濤
179(4)_1.jpg,212,0.jpg,大滌子
179(3)_0.jpg,213,0.jpg,贊之十世孫阿長
179(1)_0.jpg,214,0.jpg,莘農珍藏
179(2)_1.jpg,214,30.jpg,莘農珍藏
179(3)_1.jpg,214,60.jpg,莘農珍藏
179(4)_0.jpg,214,90.jpg,莘農珍藏
179(1)_2.jpg,215,0.jpg,暂无
179(2)_2.jpg,215,30.jpg,暂无
179(3)_2.jpg,215,60.jpg,暂无
179(4)_2.jpg,215,90.jpg,暂无
179(5)_1.jpg,216,0.jpg,王文治印
179(5)_0.jpg,217,0.jpg,曾經滄海
179(8)_1.jpg,218,0.jpg,文治
179(7)_0.jpg,219,0.jpg,王氏禹卿
179(6)_0.jpg,220,0.jpg,王文治
179(8)_0.jpg,220,30.jpg,王文治
187_4.jpg,221,0.jpg,法門
187_5.jpg,222,0.jpg,原濟
187_3.jpg,223,0.jpg,石濤
187_0.jpg,224,0.jpg,藏之名山
187_1.jpg,225,0.jpg,虚齋審定
187_2.jpg,226,0.jpg,胡筠
195_17.jpg,227,0.jpg,粤山
195_18.jpg,228,0.jpg,老濤
195_11.jpg,229,0.jpg,半箇漢
195_9.jpg,229,30.jpg,半箇漢
195_12.jpg,230,0.jpg,若極
195_3.jpg,231,0.jpg,大滌子極
195_19.jpg,232,0.jpg,伍元蕙儷荃甫評書讀畫之印
195_10.jpg,233,0.jpg,虚齋審定
195_20.jpg,233,30.jpg,虚齋審定
195_21.jpg,234,0.jpg,季彤心賞
195_15.jpg,235,0.jpg,健庵眼福
195_16.jpg,236,0.jpg,聽帆樓藏
195_14.jpg,237,0.jpg,儷荃審定
195_13.jpg,238,0.jpg,季彤曾觀
195_6.jpg,239,0.jpg,儷荃鑒賞之章
195_1.jpg,240,0.jpg,南海伍氏南雪齋秘笈印
195_2.jpg,241,0.jpg,虚齋鑑藏
195_7.jpg,241,30.jpg,虚齋鑑藏
195_8.jpg,242,0.jpg,季彤審定
195_4.jpg,243,0.jpg,曾藏潘健盦處
195_5.jpg,244,0.jpg,潘季彤鑑賞章
195_0.jpg,245,0.jpg,曾熙之印
202_4.jpg,246,0.jpg,清湘老人
202_2.jpg,247,0.jpg,白依然不識字
202_0.jpg,248,0.jpg,贊之十世孫阿長
202_6.jpg,249,0.jpg,藏之名山
202_1.jpg,250,0.jpg,景祺堂
202_7.jpg,251,0.jpg,瑞亭氏珍藏
202_3.jpg,252,0.jpg,海昌錢鏡塘藏
202_8.jpg,253,0.jpg,裕齋
202_5.jpg,254,0.jpg,齊莊中正
208(1)_2.jpg,255,0.jpg,原濟
208(2)_0.jpg,255,30.jpg,原濟
208(3)_1.jpg,255,60.jpg,原濟
208(4)_0.jpg,255,90.jpg,原濟
208(5)_0.jpg,255,120.jpg,原濟
208(6)_2.jpg,255,150.jpg,原濟
208(7)_0.jpg,255,180.jpg,原濟
208(8)_4.jpg,255,210.jpg,原濟
208(1)_3.jpg,256,0.jpg,石濤
208(2)_2.jpg,256,30.jpg,石濤
208(3)_2.jpg,256,60.jpg,石濤
208(4)_1.jpg,256,90.jpg,石濤
208(5)_2.jpg,256,120.jpg,石濤
208(6)_0.jpg,256,150.jpg,石濤
208(7)_2.jpg,256,180.jpg,石濤
208(8)_2.jpg,256,210.jpg,石濤
208(1)_4.jpg,257,0.jpg,伍氏紫游曾藏
208(2)_1.jpg,257,30.jpg,伍氏紫游曾藏
208(5)_1.jpg,257,60.jpg,伍氏紫游曾藏
208(1)_1.jpg,258,0.jpg,通理珍祕
208(1)_0.jpg,259,0.jpg,湖帆讀畫
208(3)_0.jpg,260,0.jpg,雲騷館印
208(6)_1.jpg,260,30.jpg,雲騷館印
208(8)_1.jpg,260,60.jpg,雲騷館印
208(4)_2.jpg,261,0.jpg,曾在伍紫游處
208(7)_1.jpg,261,30.jpg,曾在伍紫游處
208(8)_3.jpg,262,0.jpg,季遷珍藏
208(8)_5.jpg,263,0.jpg,陶庵經眼金石書畫記
208(8)_0.jpg,264,0.jpg,頤櫄廬秦通理藏書畫印
208(9)_0.jpg,265,0.jpg,子深
208(10)_0.jpg,266,0.jpg,吴湖帆
213_4.jpg,267,0.jpg,清湘老人
213_1.jpg,268,0.jpg,頭白依然不識字
213_2.jpg,269,0.jpg,瞎尊者
213_3.jpg,270,0.jpg,膏肓子濟
213_0.jpg,271,0.jpg,搜盡奇峰打艸稿
214_3.jpg,272,0.jpg,清湘石濤
214_5.jpg,273,0.jpg,佩秋珎藏
214_1.jpg,274,0.jpg,曾在曾祐生處
214_2.jpg,275,0.jpg,謝稚柳真賞
214_4.jpg,276,0.jpg,子懷白
214_0.jpg,277,0.jpg,似訴生平不得志
216_0.jpg,278,0.jpg,大滌子極
219_0.jpg,279,0.jpg,頭白依然不識字
219_1.jpg,280,0.jpg,苦瓜和尚濟畫法
219_2.jpg,281,0.jpg,瞎尊者
219_9.jpg,282,0.jpg,周氏懷民鑑藏
219_10.jpg,283,0.jpg,蓮叔審定
219_11.jpg,284,0.jpg,海陽孫氏蓮叔珎賞書畫印信
219_3.jpg,285,0.jpg,别時容易
219_4.jpg,286,0.jpg,大千居士供養百石之一
219_5.jpg,287,0.jpg,南北東西只有相隨無别離
219_6.jpg,288,0.jpg,球圖寶骨肉情
219_8.jpg,289,0.jpg,敵國之富
219_7.jpg,290,0.jpg,大風堂漸江髡殘雪箇苦瓜墨緣
22_1.jpg,291,0.jpg,清湘濟
22_0.jpg,292,0.jpg,石濤
223_7.jpg,293,0.jpg,零丁老人
223_8.jpg,294,0.jpg,清湘石濤
223_2.jpg,295,0.jpg,贊之十世孫阿長
223_4.jpg,296,0.jpg,齊莊中正
223_11.jpg,297,0.jpg,伯元審定
223_12.jpg,298,0.jpg,傳山鑑賞
223_6.jpg,299,0.jpg,大風堂漸江髡殘雪箇苦瓜墨緣
223_5.jpg,300,0.jpg,别時容易
223_1.jpg,301,0.jpg,球圖寶骨肉情
223_9.jpg,302,0.jpg,積祚審定
223_0.jpg,303,0.jpg,馬氏書畫
223_10.jpg,304,0.jpg,吴梅
223_3.jpg,305,0.jpg,泗州楊氏所藏
226_0.jpg,306,0.jpg,苦瓜和尚
226_1.jpg,307,0.jpg,石濤
227(2)_0.jpg,308,0.jpg,原濟
227(3)_2.jpg,308,30.jpg,原濟
227(4)_2.jpg,308,60.jpg,原濟
227(5)_1.jpg,308,90.jpg,原濟
227(6)_0.jpg,308,120.jpg,原濟
227(7)_1.jpg,308,150.jpg,原濟
227(8)_1.jpg,308,180.jpg,原濟
227(9)_1.jpg,308,210.jpg,原濟
227(2)_1.jpg,309,0.jpg,石濤
227(3)_1.jpg,309,30.jpg,石濤
227(4)_0.jpg,309,60.jpg,石濤
227(5)_3.jpg,309,90.jpg,石濤
227(6)_2.jpg,309,120.jpg,石濤
227(7)_0.jpg,309,150.jpg,石濤
227(8)_0.jpg,309,180.jpg,石濤
227(9)_2.jpg,309,210.jpg,石濤
227(4)_3.jpg,310,0.jpg,石濤
227(8)_2.jpg,310,30.jpg,石濤
227(5)_2.jpg,311,0.jpg,老濤
227(8)_3.jpg,312,0.jpg,學書
227(9)_3.jpg,312,30.jpg,學書
227(1)_2.jpg,313,0.jpg,自怡
227(1)_0.jpg,314,0.jpg,公望之印
227(1)_1.jpg,315,0.jpg,陶庵主人
227(2)_2.jpg,316,0.jpg,何啟華印
227(3)_0.jpg,317,0.jpg,麗圃
227(4)_1.jpg,318,0.jpg,黎簡
227(5)_0.jpg,319,0.jpg,珏侯珎賞
227(6)_1.jpg,320,0.jpg,廬江世家
227(9)_0.jpg,321,0.jpg,無爲葊主人真賞
227(10)_1.jpg,322,0.jpg,獨山
227(10)_0.jpg,323,0.jpg,南  
228(20)_3.jpg,324,0.jpg,老濤
228(23)_1.jpg,324,30.jpg,老濤
228(24)_0.jpg,324,60.jpg,老濤
228(23)_0.jpg,325,0.jpg,原濟
228(23)_2.jpg,326,0.jpg,石濤
228(2)_1.jpg,327,0.jpg,原濟
228(26)_0.jpg,327,30.jpg,原濟
228(2)_0.jpg,328,0.jpg,石濤
228(26)_1.jpg,328,30.jpg,石濤
228(22)_0.jpg,329,0.jpg,苦瓜和尚濟畫法
228(21)_0.jpg,330,0.jpg,小乘客
228(4)_0.jpg,330,30.jpg,小乘客
228(10)_2.jpg,331,0.jpg,膏肓子濟
228(8)_0.jpg,331,30.jpg,膏肓子濟
228(6)_0.jpg,332,0.jpg,瞎尊者
228(12)_0.jpg,333,0.jpg,苦瓜
228(17)_0.jpg,334,0.jpg,長樂青山黄藹農
228(16)_6.jpg,335,0.jpg,徐恕私印
228(16)_5.jpg,336,0.jpg,趙滂
228(16)_4.jpg,337,0.jpg,肯爲徐郎書紙尾
228(16)_7.jpg,338,0.jpg,朗盦所得銘心絶品
228(16)_2.jpg,339,0.jpg,第一无上希有
228(16)_1.jpg,340,0.jpg,鄂渚徐氏經籍金石書畫記
228(16)_3.jpg,341,0.jpg,無爲庵藏寶
228(16)_0.jpg,342,0.jpg,大興劉銓福家世守印
228(12)_1.jpg,343,0.jpg,研旅
228(20)_4.jpg,343,30.jpg,研旅
228(20)_1.jpg,344,0.jpg,林熊光印
228(20)_0.jpg,345,0.jpg,寶宋室
228(20)_2.jpg,346,0.jpg,朗菴藏寶
228(19)_3.jpg,347,0.jpg,熹儒
228(19)_0.jpg,348,0.jpg,李國松藏
228(10)_5.jpg,349,0.jpg,武昌徐恕審定
228(19)_2.jpg,349,30.jpg,武昌徐恕審定
228(19)_1.jpg,350,0.jpg,以古自華之徒
228(18)_0.jpg,351,0.jpg,始信峯艸堂
228(18)_2.jpg,352,0.jpg,虞琴審定
228(9)_0.jpg,352,30.jpg,虞琴審定
228(18)_4.jpg,353,0.jpg,洋度
228(18)_3.jpg,354,0.jpg,槈學
228(18)_1.jpg,355,0.jpg,福盦
228(9)_4.jpg,355,30.jpg,福盦
228(11)_1.jpg,356,0.jpg,程京萼
228(25)_0.jpg,356,30.jpg,程京萼
228(27)_1.jpg,356,60.jpg,程京萼
228(25)_1.jpg,357,0.jpg,徐恕
228(27)_0.jpg,358,0.jpg,行可珍祕
228(28)_2.jpg,359,0.jpg,吴肅公印
228(28)_0.jpg,360,0.jpg,洙泗淵源
228(28)_1.jpg,361,0.jpg,彊誃平生真賞
228(28)_3.jpg,362,0.jpg,行可
228(29)_0.jpg,363,0.jpg,韋華
228(29)_1.jpg,364,0.jpg,行可審定
228(3)_3.jpg,365,0.jpg,破齋
228(3)_2.jpg,366,0.jpg,白山
228(3)_1.jpg,367,0.jpg,黄生之印
228(3)_0.jpg,368,0.jpg,弜誃審是
228(1)_0.jpg,369,0.jpg,李國宋印
228(1)_1.jpg,370,0.jpg,曾㱕徐氏彊誃
228(7)_1.jpg,371,0.jpg,廌印
228(7)_0.jpg,372,0.jpg,縱孤
228(7)_2.jpg,373,0.jpg,徐恕
228(6)_1.jpg,374,0.jpg,研旅
228(5)_1.jpg,375,0.jpg,黄生之印
228(5)_2.jpg,376,0.jpg,白山
228(5)_0.jpg,377,0.jpg,藏棱盦
228(11)_3.jpg,378,0.jpg,街南
228(11)_0.jpg,379,0.jpg,江夏徐氏文房
228(11)_2.jpg,380,0.jpg,吴肅公印
228(11)_4.jpg,381,0.jpg,晴嵒
228(10)_3.jpg,382,0.jpg,無爲葊主人真賞
228(10)_4.jpg,383,0.jpg,磊齋審定
228(10)_1.jpg,384,0.jpg,木公辛亥以後所得
228(10)_0.jpg,385,0.jpg,盧南石鑑藏章
228(9)_3.jpg,386,0.jpg,徐恕之印
228(9)_2.jpg,387,0.jpg,趙滂
228(9)_1.jpg,388,0.jpg,王禔
228(14)_0.jpg,389,0.jpg,子貞
228(13)_5.jpg,390,0.jpg,惠父
228(13)_2.jpg,391,0.jpg,廉吏子孫
228(13)_0.jpg,392,0.jpg,烈文私印
228(13)_1.jpg,393,0.jpg,趙氏惠父
228(13)_3.jpg,394,0.jpg,藏棱
228(13)_4.jpg,395,0.jpg,公沛
228(15)_1.jpg,396,0.jpg,葆戉之印
228(15)_0.jpg,397,0.jpg,暂无
229_1.jpg,398,0.jpg,苦瓜和尚濟畫法
229_2.jpg,399,0.jpg,搜盡奇峰打艸稿
229_0.jpg,400,0.jpg,老濤
229_4.jpg,401,0.jpg,無爲葊主人真賞
229_5.jpg,402,0.jpg,無爲庵藏寶
229_3.jpg,403,0.jpg,率人嘉猶元禫公裔一字式周再字蒼峰鑒賞之章
230(13)_2.jpg,404,0.jpg,李一氓五十後所得
230(13)_1.jpg,405,0.jpg,趙子泗印
230(13)_0.jpg,406,0.jpg,無所著齋
230(1)_0.jpg,407,0.jpg,得少佳趣
230(10)_0.jpg,407,30.jpg,得少佳趣
230(11)_0.jpg,407,60.jpg,得少佳趣
230(12)_0.jpg,407,90.jpg,得少佳趣
230(14)_1.jpg,407,120.jpg,得少佳趣
230(2)_0.jpg,407,150.jpg,得少佳趣
230(3)_0.jpg,407,180.jpg,得少佳趣
230(5)_0.jpg,407,210.jpg,得少佳趣
230(6)_0.jpg,407,240.jpg,得少佳趣
230(7)_0.jpg,407,270.jpg,得少佳趣
230(8)_0.jpg,407,300.jpg,得少佳趣
230(14)_0.jpg,408,0.jpg,一氓所藏
230(4)_2.jpg,409,0.jpg,忍菴
230(4)_0.jpg,410,0.jpg,一氓讀畫
230(4)_3.jpg,411,0.jpg,趙子泗印
230(4)_1.jpg,412,0.jpg,無所住齋鑑藏
230(9)_4.jpg,413,0.jpg,一氓精鑑
230(9)_2.jpg,414,0.jpg,擊楫詞翰
230(9)_5.jpg,415,0.jpg,一氓七十
230(9)_3.jpg,416,0.jpg,李押
230(9)_0.jpg,417,0.jpg,无所住齋鑒藏
230(9)_1.jpg,418,0.jpg,昌陽趙子泗字文水一字忍菴圖書記
236(1)_1.jpg,419,0.jpg,原濟
236(10)_1.jpg,419,30.jpg,原濟
236(2)_1.jpg,419,60.jpg,原濟
236(4)_2.jpg,419,90.jpg,原濟
236(6)_0.jpg,419,120.jpg,原濟
236(7)_2.jpg,419,150.jpg,原濟
236(8)_1.jpg,419,180.jpg,原濟
236(1)_0.jpg,420,0.jpg,石濤
236(10)_0.jpg,420,30.jpg,石濤
236(2)_0.jpg,420,60.jpg,石濤
236(4)_0.jpg,420,90.jpg,石濤
236(6)_1.jpg,420,120.jpg,石濤
236(7)_1.jpg,420,150.jpg,石濤
236(8)_0.jpg,420,180.jpg,石濤
236(1)_2.jpg,421,0.jpg,法門
236(10)_2.jpg,421,30.jpg,法門
236(4)_1.jpg,421,60.jpg,法門
236(7)_3.jpg,421,90.jpg,法門
236(8)_2.jpg,421,120.jpg,法門
236(3)_0.jpg,422,0.jpg,老濤
236(7)_0.jpg,423,0.jpg,梁俊青吴曼青夫婦珍翫
236(5)_0.jpg,424,0.jpg,雙青樓攷藏印
237_2.jpg,425,0.jpg,我法
237_0.jpg,426,0.jpg,苦瓜和尚
237_1.jpg,427,0.jpg,石濤
237_3.jpg,428,0.jpg,邦懷珎藏
24_0.jpg,429,0.jpg,清湘濟
24_2.jpg,430,0.jpg,石濤
24_3.jpg,431,0.jpg,藏之名山
24_1.jpg,432,0.jpg,海昌錢鏡塘藏
243(2)_1.jpg,433,0.jpg,瞎尊者
243(4)_0.jpg,433,30.jpg,瞎尊者
243(6)_0.jpg,433,60.jpg,瞎尊者
243(3)_0.jpg,434,0.jpg,膏肓子濟
243(5)_3.jpg,434,30.jpg,膏肓子濟
243(1)_0.jpg,435,0.jpg,老濤
243(2)_2.jpg,436,0.jpg,周氏懷民鑑藏
243(5)_4.jpg,436,30.jpg,周氏懷民鑑藏
243(5)_1.jpg,437,0.jpg,上海市文物管理委員會藏記
243(5)_2.jpg,438,0.jpg,惺遠審定
243(5)_0.jpg,439,0.jpg,子清過眼
243(2)_0.jpg,440,0.jpg,大小山書屋珍藏
245_3.jpg,441,0.jpg,冰雪悟前身
245_0.jpg,442,0.jpg,苦瓜和尚
245_1.jpg,443,0.jpg,小乘客
245_2.jpg,444,0.jpg,石濤
245_4.jpg,445,0.jpg,何瑗玉印
245_5.jpg,446,0.jpg,曾藏何蘧盦處
245_6.jpg,447,0.jpg,武進劉氏
245_7.jpg,448,0.jpg,劉海粟家珍藏
246(1)_0.jpg,449,0.jpg,原濟
246(3)_1.jpg,449,30.jpg,原濟
246(4)_0.jpg,449,60.jpg,原濟
246(5)_0.jpg,449,90.jpg,原濟
246(7)_0.jpg,449,120.jpg,原濟
246(3)_0.jpg,450,0.jpg,石濤
246(4)_1.jpg,450,30.jpg,石濤
246(5)_1.jpg,450,60.jpg,石濤
246(6)_1.jpg,451,0.jpg,臣僧元濟
246(8)_0.jpg,451,30.jpg,臣僧元濟
246(6)_0.jpg,452,0.jpg,瞎尊者
246(2)_0.jpg,453,0.jpg,小乘客
246(13)_0.jpg,454,0.jpg,老濤
246(8)_1.jpg,454,30.jpg,老濤
246(11)_0.jpg,455,0.jpg,法門
246(12)_0.jpg,456,0.jpg,苦瓜和尚
246(14)_0.jpg,457,0.jpg,學書黄庭换白鵞
246(14)_1.jpg,458,0.jpg,元濟
246(14)_2.jpg,459,0.jpg,釋元濟印
246(9)_2.jpg,460,0.jpg,眼中之人吾老矣
246(9)_1.jpg,461,0.jpg,頭白依然不識字
246(9)_0.jpg,462,0.jpg,清湘石濤
246(1)_1.jpg,463,0.jpg,金粟如來是後身
246(10)_1.jpg,464,0.jpg,景蔚
246(10)_0.jpg,465,0.jpg,少文
247_3.jpg,466,0.jpg,度白雪以方潔
247_1.jpg,467,0.jpg,吴湖帆印
247_2.jpg,468,0.jpg,静一子
247_0.jpg,469,0.jpg,金重慶印
249_1.jpg,470,0.jpg,膏肓子濟
249_2.jpg,471,0.jpg,搜盡奇峰打艸稿
249_0.jpg,472,0.jpg,王氏禹卿
249_3.jpg,472,30.jpg,王氏禹卿
249_5.jpg,473,0.jpg,古堇周氏寶米室祕笈印
249_4.jpg,474,0.jpg,夢樓
25(2)_0.jpg,475,0.jpg,苦瓜和尚
25_4.jpg,475,30.jpg,苦瓜和尚
25(2)_2.jpg,476,0.jpg,萊臣心賞
25_5.jpg,476,30.jpg,萊臣心賞
25(2)_3.jpg,477,0.jpg,虚齋祕玩
25_6.jpg,477,30.jpg,虚齋祕玩
25(2)_4.jpg,478,0.jpg,翰墨軒芝道人供養
25_7.jpg,478,30.jpg,翰墨軒芝道人供養
25(2)_1.jpg,479,0.jpg,古潤戴植培之氏一字芝農鑑藏書畫記
25_8.jpg,479,30.jpg,古潤戴植培之氏一字芝農鑑藏書畫記
25(1)_1.jpg,480,0.jpg,上海市文物管理委員會藏記
25_1.jpg,480,30.jpg,上海市文物管理委員會藏記
25(1)_2.jpg,481,0.jpg,吴興龐氏珍藏
25_2.jpg,481,30.jpg,吴興龐氏珍藏
25(1)_0.jpg,482,0.jpg,吴大澂
25_0.jpg,482,30.jpg,吴大澂
25(1)_3.jpg,483,0.jpg,古潤戴培之收藏書畫私印
25_3.jpg,483,30.jpg,古潤戴培之收藏書畫私印
250(13)_0.jpg,484,0.jpg,元濟
250(15)_2.jpg,484,30.jpg,元濟
250(20)_3.jpg,484,60.jpg,元濟
250(9)_2.jpg,484,90.jpg,元濟
250(13)_2.jpg,485,0.jpg,苦瓜
250(15)_0.jpg,485,30.jpg,苦瓜
250(20)_2.jpg,485,60.jpg,苦瓜
250(9)_3.jpg,485,90.jpg,苦瓜
250(10)_0.jpg,486,0.jpg,釋元濟印
250(14)_2.jpg,487,0.jpg,小乘客
250(16)_1.jpg,487,30.jpg,小乘客
250(14)_0.jpg,488,0.jpg,瞎尊者
250(16)_3.jpg,489,0.jpg,墨胎
250(16)_0.jpg,490,0.jpg,清湘石濤
250(21)_1.jpg,490,30.jpg,清湘石濤
250(21)_0.jpg,491,0.jpg,頭白依然不識字
250(1)_0.jpg,492,0.jpg,八大山人
250(11)_0.jpg,492,30.jpg,八大山人
250(17)_0.jpg,492,60.jpg,八大山人
250(3)_0.jpg,492,90.jpg,八大山人
250(5)_0.jpg,492,120.jpg,八大山人
250(7)_0.jpg,492,150.jpg,八大山人
250(9)_1.jpg,493,0.jpg,嘉福寶藏
250(9)_0.jpg,494,0.jpg,吴南高珍賞
250(10)_1.jpg,495,0.jpg,笙魚祕玩
250(13)_3.jpg,496,0.jpg,石門李嘉福藏
250(15)_1.jpg,496,30.jpg,石門李嘉福藏
250(13)_1.jpg,497,0.jpg,南高
250(14)_1.jpg,498,0.jpg,笙魚玩讀
250(16)_2.jpg,499,0.jpg,嘉福歡喜
250(20)_1.jpg,499,30.jpg,嘉福歡喜
250(21)_3.jpg,499,60.jpg,嘉福歡喜
250(16)_4.jpg,500,0.jpg,江梅掌記
250(21)_4.jpg,500,30.jpg,江梅掌記
250(20)_0.jpg,501,0.jpg,南高
250(21)_2.jpg,502,0.jpg,陸潤之藏
250(2)_0.jpg,503,0.jpg,陳希敬印
250(6)_0.jpg,504,0.jpg,笠雨
250(12)_0.jpg,505,0.jpg,季髯
250(4)_1.jpg,506,0.jpg,希敬笠雨
250(4)_0.jpg,507,0.jpg,莫棄乞相老阿婆三五少年時也曾東塗西抹過來
250(18)_0.jpg,508,0.jpg,櫟餘
250(8)_0.jpg,509,0.jpg,希敬之章
250(19)_1.jpg,510,0.jpg,艮盦
250(19)_0.jpg,511,0.jpg,文彬
255_3.jpg,512,0.jpg,老濤
255_4.jpg,513,0.jpg,四百峰中箬笠翁圖書
255_1.jpg,514,0.jpg,唐雲審定
255_0.jpg,515,0.jpg,欽訓堂書畫記
255_5.jpg,516,0.jpg,林珎藏
255_2.jpg,517,0.jpg,上海市文物管理委員會藏記
256_0.jpg,518,0.jpg,大滌堂
256_1.jpg,519,0.jpg,癡絶
256_2.jpg,520,0.jpg,半箇漢
256_3.jpg,521,0.jpg,大滌子濟
256_4.jpg,522,0.jpg,零丁老人
256_5.jpg,523,0.jpg,清湘遺人
256_6.jpg,524,0.jpg,上海市文物管理委員會藏記
256_7.jpg,525,0.jpg,濟民珎祕
256_8.jpg,526,0.jpg,萊臣審藏真跡
261_8.jpg,527,0.jpg,恨古人不見大滌子極
261_7.jpg,528,0.jpg,冰雪悟前身
261_2.jpg,529,0.jpg,大滌子
261_3.jpg,530,0.jpg,大本堂若極
261_4.jpg,531,0.jpg,零丁老人
261_5.jpg,532,0.jpg,前身應畫師
261_15.jpg,533,0.jpg,未谷
261_13.jpg,534,0.jpg,月湖艸堂
261_10.jpg,535,0.jpg,省齋
261_14.jpg,536,0.jpg,湘雲平生真賞
261_11.jpg,537,0.jpg,朱孝臧印
261_12.jpg,538,0.jpg,前竹垞一月生
261_9.jpg,539,0.jpg,湘雲審定
261_16.jpg,540,0.jpg,永寶
261_17.jpg,540,30.jpg,永寶
261_18.jpg,541,0.jpg,璅骨觀道人
261_0.jpg,542,0.jpg,曾熙之印
261_1.jpg,543,0.jpg,子緝
261_6.jpg,544,0.jpg,古堇周氏寶米室祕笈印
263_0.jpg,545,0.jpg,贊之十世孫阿長
264_12.jpg,546,0.jpg,大滌子極
264_13.jpg,547,0.jpg,半箇漢
264_14.jpg,548,0.jpg,零丁老人
264_15.jpg,549,0.jpg,瞎尊者
264_0.jpg,550,0.jpg,可得神仙
264_4.jpg,550,30.jpg,可得神仙
264_3.jpg,551,0.jpg,八大山人
264_21.jpg,552,0.jpg,長沙
264_22.jpg,553,0.jpg,虚齋鑑定
264_19.jpg,554,0.jpg,賓之
264_20.jpg,555,0.jpg,懷麓書樓
264_17.jpg,556,0.jpg,虚齋審定
264_8.jpg,556,30.jpg,虚齋審定
264_10.jpg,557,0.jpg,蒙叔審定
264_18.jpg,557,30.jpg,蒙叔審定
264_7.jpg,557,60.jpg,蒙叔審定
264_11.jpg,558,0.jpg,上海市文物管理委員會藏記
264_2.jpg,558,30.jpg,上海市文物管理委員會藏記
264_9.jpg,558,60.jpg,上海市文物管理委員會藏記
264_5.jpg,559,0.jpg,白亭
264_1.jpg,560,0.jpg,瀫水所藏
264_6.jpg,561,0.jpg,虚齋鑑藏
265_0.jpg,562,0.jpg,清湘老人
265_1.jpg,563,0.jpg,膏肓子濟
264_16.jpg,564,0.jpg,贊之十世孫阿長
265_2.jpg,564,30.jpg,贊之十世孫阿長
266_0.jpg,565,0.jpg,大滌子
266_1.jpg,566,0.jpg,大本堂若極
266_4.jpg,567,0.jpg,虚齋藏扇
266_5.jpg,568,0.jpg,季彤審定
266_2.jpg,569,0.jpg,孔氏鑒定
266_3.jpg,570,0.jpg,少唐心賞
268_0.jpg,571,0.jpg,清湘老人
27(11)_1.jpg,572,0.jpg,學書
27(12)_3.jpg,572,30.jpg,學書
27(11)_0.jpg,573,0.jpg,不從門入
27(1)_0.jpg,574,0.jpg,得未曾有
27(1)_2.jpg,574,30.jpg,得未曾有
27(10)_0.jpg,574,60.jpg,得未曾有
27(10)_1.jpg,575,0.jpg,小乘客
27(6)_0.jpg,575,30.jpg,小乘客
27(6)_3.jpg,576,0.jpg,法門
27(7)_2.jpg,576,30.jpg,法門
27(12)_6.jpg,577,0.jpg,原濟
27(8)_2.jpg,577,30.jpg,原濟
27(12)_5.jpg,578,0.jpg,石濤
27(8)_1.jpg,578,30.jpg,石濤
27(3)_0.jpg,579,0.jpg,濟山僧
27(6)_1.jpg,579,30.jpg,濟山僧
27(1)_1.jpg,580,0.jpg,原濟
27(9)_1.jpg,580,30.jpg,原濟
27(9)_0.jpg,581,0.jpg,石濤
27(6)_2.jpg,582,0.jpg,不從門入
27(5)_0.jpg,583,0.jpg,前有龍眠
27(7)_0.jpg,584,0.jpg,王時敏印
27(7)_1.jpg,585,0.jpg,西廬老人
27(8)_3.jpg,586,0.jpg,消遣
27(8)_0.jpg,587,0.jpg,大泌山人
27(2)_1.jpg,588,0.jpg,先帝佇日中自降龍
27(2)_0.jpg,589,0.jpg,易農
27(12)_2.jpg,590,0.jpg,周郎
27(12)_4.jpg,591,0.jpg,水繪菴老人
27(12)_0.jpg,592,0.jpg,巢民冒襄印
27(12)_1.jpg,593,0.jpg,辟疆
27(4)_2.jpg,594,0.jpg,弘此遠謨
27(4)_0.jpg,595,0.jpg,朱雯之印
27(4)_1.jpg,596,0.jpg,矞三氏
270_1.jpg,597,0.jpg,癡絶
270_0.jpg,598,0.jpg,虚齋藏扇
272_3.jpg,599,0.jpg,鈍根
272_4.jpg,600,0.jpg,番禺潘錫蘭藏
272_2.jpg,601,0.jpg,潘氏聽帆樓藏
272_0.jpg,602,0.jpg,虚齋藏扇
272_1.jpg,603,0.jpg,少唐審定
275(6)_0.jpg,604,0.jpg,清湘石濤
275(7)_1.jpg,604,30.jpg,清湘石濤
275(8)_0.jpg,604,60.jpg,清湘石濤
275(3)_3.jpg,605,0.jpg,若極
275(6)_2.jpg,605,30.jpg,若極
275(2)_0.jpg,606,0.jpg,零丁老人
275(4)_2.jpg,606,30.jpg,零丁老人
275(5)_3.jpg,606,60.jpg,零丁老人
275(2)_1.jpg,607,0.jpg,瞢董生
275(4)_0.jpg,607,30.jpg,瞢董生
275(1)_3.jpg,608,0.jpg,復初清祕
275(2)_2.jpg,608,30.jpg,復初清祕
275(3)_0.jpg,608,60.jpg,復初清祕
275(4)_5.jpg,608,90.jpg,復初清祕
275(5)_0.jpg,608,120.jpg,復初清祕
275(6)_1.jpg,608,150.jpg,復初清祕
275(7)_0.jpg,608,180.jpg,復初清祕
275(8)_1.jpg,608,210.jpg,復初清祕
275(1)_2.jpg,609,0.jpg,江村珍藏
275(2)_3.jpg,609,30.jpg,江村珍藏
275(3)_2.jpg,609,60.jpg,江村珍藏
275(4)_1.jpg,609,90.jpg,江村珍藏
275(5)_2.jpg,609,120.jpg,江村珍藏
275(6)_3.jpg,609,150.jpg,江村珍藏
275(7)_2.jpg,609,180.jpg,江村珍藏
275(8)_3.jpg,609,210.jpg,江村珍藏
275(3)_4.jpg,610,0.jpg,暂无
275(4)_7.jpg,610,30.jpg,暂无
275(5)_4.jpg,610,60.jpg,暂无
275(6)_4.jpg,610,90.jpg,暂无
275(7)_3.jpg,610,120.jpg,暂无
275(8)_4.jpg,610,150.jpg,暂无
275(8)_2.jpg,611,0.jpg,海陽黄氏家藏
275(1)_0.jpg,612,0.jpg,道合乾坤
275(1)_1.jpg,613,0.jpg,張錦芳印
275(3)_1.jpg,613,30.jpg,張錦芳印
275(4)_6.jpg,613,60.jpg,張錦芳印
275(5)_1.jpg,614,0.jpg,霖澤鑑藏
275(4)_4.jpg,615,0.jpg,冠五珎藏
275(4)_3.jpg,616,0.jpg,田溪書屋
275(9)_1.jpg,617,0.jpg,允之審定
275(9)_0.jpg,618,0.jpg,瑞誥長年
278_1.jpg,619,0.jpg,半箇漢
278_0.jpg,620,0.jpg,阿長
278_2.jpg,621,0.jpg,耕心艸堂
278_4.jpg,622,0.jpg,惠翔心賞
278_3.jpg,623,0.jpg,海昌錢鏡塘藏
28_0.jpg,624,0.jpg,濟山僧
28_3.jpg,625,0.jpg,遲秋簃
28_4.jpg,626,0.jpg,善孖心賞
28_1.jpg,627,0.jpg,大千居士供養百石之一
28_2.jpg,628,0.jpg,大風堂漸江髡殘雪箇苦瓜墨緣
281_4.jpg,629,0.jpg,癡絶
281_3.jpg,630,0.jpg,零丁老人
281_0.jpg,631,0.jpg,膏肓子濟
281_2.jpg,632,0.jpg,清湘石濤
281_5.jpg,633,0.jpg,搜盡奇峰打艸稿
281_1.jpg,634,0.jpg,贊之十世孫阿長
281_6.jpg,635,0.jpg,雲園本
282_3.jpg,636,0.jpg,清湘石濤
282_1.jpg,637,0.jpg,大滌子
282_0.jpg,638,0.jpg,居巢張氏珍藏金石圖籍之印
282_6.jpg,639,0.jpg,剋天真賞
282_7.jpg,640,0.jpg,汾陽靳鞏珎藏
282_4.jpg,641,0.jpg,自我發見
282_5.jpg,642,0.jpg,靳鞏印信
282_2.jpg,643,0.jpg,古公
288(1)_1.jpg,644,0.jpg,瞎尊者
288(7)_1.jpg,644,30.jpg,瞎尊者
288(3)_1.jpg,645,0.jpg,前有龍眠濟
288(4)_0.jpg,645,30.jpg,前有龍眠濟
288(3)_0.jpg,646,0.jpg,清湘石濤
288(5)_1.jpg,646,30.jpg,清湘石濤
288(3)_2.jpg,647,0.jpg,四百峰中箬笠翁圖書
288(5)_0.jpg,647,30.jpg,四百峰中箬笠翁圖書
288(6)_1.jpg,648,0.jpg,半个漢
288(6)_0.jpg,649,0.jpg,小乘客
288(6)_3.jpg,650,0.jpg,老濤
288(8)_3.jpg,650,30.jpg,老濤
288(8)_2.jpg,651,0.jpg,道合乾坤
288(9)_1.jpg,651,30.jpg,道合乾坤
288(1)_0.jpg,652,0.jpg,養拙道人珎玩
288(2)_2.jpg,653,0.jpg,李讀易
288(2)_1.jpg,654,0.jpg,臣驎
288(2)_0.jpg,655,0.jpg,虬峰
288(3)_3.jpg,656,0.jpg,種石生雲
288(4)_1.jpg,657,0.jpg,華景山人
288(5)_3.jpg,658,0.jpg,齊莊中正
288(8)_1.jpg,658,30.jpg,齊莊中正
288(5)_2.jpg,659,0.jpg,居廉讓間
288(6)_2.jpg,660,0.jpg,石天閣
288(7)_2.jpg,661,0.jpg,安恙梅少文氏珎玩之章
288(7)_0.jpg,662,0.jpg,養拙齋書畫章
288(8)_0.jpg,663,0.jpg,通州張文孚珎藏
288(9)_0.jpg,664,0.jpg,石天閣珍藏
288(10)_0.jpg,665,0.jpg,萬夫之望
289(1)_1.jpg,666,0.jpg,原濟
289(10)_0.jpg,666,30.jpg,原濟
289(2)_1.jpg,666,60.jpg,原濟
289(3)_0.jpg,666,90.jpg,原濟
289(4)_1.jpg,666,120.jpg,原濟
289(5)_1.jpg,666,150.jpg,原濟
289(6)_0.jpg,666,180.jpg,原濟
289(7)_1.jpg,666,210.jpg,原濟
289(8)_0.jpg,666,240.jpg,原濟
289(9)_1.jpg,666,270.jpg,原濟
289(1)_0.jpg,667,0.jpg,石濤
289(10)_1.jpg,667,30.jpg,石濤
289(2)_0.jpg,667,60.jpg,石濤
289(3)_1.jpg,667,90.jpg,石濤
289(4)_0.jpg,667,120.jpg,石濤
289(5)_0.jpg,667,150.jpg,石濤
289(6)_1.jpg,667,180.jpg,石濤
289(7)_0.jpg,667,210.jpg,石濤
289(8)_1.jpg,667,240.jpg,石濤
289(9)_0.jpg,667,270.jpg,石濤
289(1)_2.jpg,668,0.jpg,暂无
289(2)_2.jpg,668,30.jpg,暂无
289(3)_2.jpg,668,60.jpg,暂无
289(4)_2.jpg,668,90.jpg,暂无
289(5)_2.jpg,668,120.jpg,暂无
289(6)_2.jpg,668,150.jpg,暂无
289(8)_2.jpg,668,180.jpg,暂无
289(9)_2.jpg,668,210.jpg,暂无
289(10)_2.jpg,669,0.jpg,臣撰
290_3.jpg,670,0.jpg,清湘老人
290_4.jpg,671,0.jpg,膏肓子濟
290_0.jpg,672,0.jpg,繫  齋
290_2.jpg,673,0.jpg,堅白墨緣
290_8.jpg,673,30.jpg,堅白墨緣
290_9.jpg,674,0.jpg,蘇黄米齋
290_1.jpg,675,0.jpg,玉夫珍賞
290_5.jpg,676,0.jpg,蕉雪山房
290_6.jpg,677,0.jpg,漢仙
290_7.jpg,678,0.jpg,繫齋珍藏書畫印
291_2.jpg,679,0.jpg,癡絶
291_3.jpg,680,0.jpg,若極
291_4.jpg,681,0.jpg,零丁老人
291_0.jpg,682,0.jpg,藏之名山
291_1.jpg,683,0.jpg,豈菴煙雲過眼
30(2)_1.jpg,684,0.jpg,濟山僧
30(4)_1.jpg,684,30.jpg,濟山僧
30(6)_2.jpg,684,60.jpg,濟山僧
30(7)_0.jpg,685,0.jpg,我法
30(1)_0.jpg,686,0.jpg,老濤
30(7)_1.jpg,686,30.jpg,老濤
30(8)_0.jpg,687,0.jpg,老濤
30(1)_2.jpg,688,0.jpg,文水
30(4)_2.jpg,688,30.jpg,文水
30(5)_1.jpg,688,60.jpg,文水
30(6)_1.jpg,688,90.jpg,文水
30(7)_3.jpg,688,120.jpg,文水
30(8)_1.jpg,688,150.jpg,文水
30(9)_1.jpg,688,180.jpg,文水
30(1)_1.jpg,689,0.jpg,笠偶
30(5)_0.jpg,689,30.jpg,笠偶
30(6)_0.jpg,690,0.jpg,冷香館
30(7)_2.jpg,691,0.jpg,素湌
30(9)_0.jpg,692,0.jpg,笠偶
30(4)_0.jpg,693,0.jpg,霜木人
30(2)_0.jpg,694,0.jpg,衲湌
30(8)_2.jpg,694,30.jpg,衲湌
30(3)_3.jpg,695,0.jpg,趙子泗書畫印
30(3)_1.jpg,696,0.jpg,臣父清畏人知
30(3)_0.jpg,697,0.jpg,一琴一鶴
30(3)_4.jpg,698,0.jpg,趙子泗印
30(3)_2.jpg,699,0.jpg,文水
305(1)_0.jpg,700,0.jpg,前有龍眠濟
305(2)_3.jpg,701,0.jpg,零丁老人
305(2)_2.jpg,702,0.jpg,膏肓子濟
305(3)_0.jpg,703,0.jpg,清湘老人
305(4)_2.jpg,704,0.jpg,瞢董生
305(8)_3.jpg,704,30.jpg,瞢董生
305(4)_0.jpg,705,0.jpg,清湘石濤
305(5)_0.jpg,706,0.jpg,癡絶
305(6)_0.jpg,707,0.jpg,阿長
305(7)_0.jpg,708,0.jpg,瞎尊者
305(8)_2.jpg,709,0.jpg,頭白依然不識字
305(1)_1.jpg,710,0.jpg,停雪
305(2)_0.jpg,710,30.jpg,停雪
305(2)_1.jpg,711,0.jpg,南海葉氏雲谷家藏
305(3)_1.jpg,712,0.jpg,七芙蓉閣
305(5)_1.jpg,712,30.jpg,七芙蓉閣
305(8)_0.jpg,712,60.jpg,七芙蓉閣
305(4)_1.jpg,713,0.jpg,季子
305(7)_1.jpg,713,30.jpg,季子
305(8)_1.jpg,714,0.jpg,茝林曾
31_6.jpg,715,0.jpg,清湘老人
31_7.jpg,716,0.jpg,前有龍眠濟
31_0.jpg,717,0.jpg,冰壺秋月
31_11.jpg,718,0.jpg,一氓讀畫
31_14.jpg,718,30.jpg,一氓讀畫
31_12.jpg,719,0.jpg,行人司行人
31_13.jpg,720,0.jpg,無所住齋鑑藏
31_4.jpg,721,0.jpg,李一氓印
31_3.jpg,722,0.jpg,還有
31_5.jpg,723,0.jpg,李一氓
31_1.jpg,724,0.jpg,无所住齋鑒藏
31_2.jpg,725,0.jpg,成都李一氓
31_8.jpg,726,0.jpg,一氓七十
31_9.jpg,727,0.jpg,擊楫詞翰
31_10.jpg,728,0.jpg,一氓精鑑
31_15.jpg,729,0.jpg,李一氓
31_16.jpg,730,0.jpg,蠶叢魚鳧之人
32(5)_2.jpg,731,0.jpg,法門
32(5)_1.jpg,732,0.jpg,原濟
32(5)_3.jpg,733,0.jpg,石濤
32(3)_1.jpg,734,0.jpg,我法
32(6)_0.jpg,734,30.jpg,我法
32(4)_1.jpg,735,0.jpg,老濤
32(6)_2.jpg,735,30.jpg,老濤
32(7)_1.jpg,735,60.jpg,老濤
32(1)_1.jpg,736,0.jpg,粤山
32(9)_1.jpg,736,30.jpg,粤山
32(7)_2.jpg,737,0.jpg,元濟
32(2)_1.jpg,738,0.jpg,老濤
32(8)_0.jpg,739,0.jpg,得一人知己無憾
32(10)_1.jpg,740,0.jpg,冰雪悟前身
32(1)_0.jpg,741,0.jpg,忍菴圖書
32(10)_0.jpg,741,30.jpg,忍菴圖書
32(2)_0.jpg,741,60.jpg,忍菴圖書
32(3)_0.jpg,741,90.jpg,忍菴圖書
32(4)_0.jpg,741,120.jpg,忍菴圖書
32(5)_0.jpg,741,150.jpg,忍菴圖書
32(6)_1.jpg,741,180.jpg,忍菴圖書
32(7)_0.jpg,741,210.jpg,忍菴圖書
32(8)_1.jpg,741,240.jpg,忍菴圖書
32(9)_0.jpg,741,270.jpg,忍菴圖書
36_7.jpg,742,0.jpg,藏之名山
36_0.jpg,743,0.jpg,清湘石道人
36_3.jpg,744,0.jpg,朱起哉師事
36_1.jpg,745,0.jpg,善果月之子天童忞之孫原濟之章
36_6.jpg,746,0.jpg,伯謙鑒定
36_5.jpg,747,0.jpg,屺瞻墨緣
36_4.jpg,748,0.jpg,仁和高邕
36_2.jpg,749,0.jpg,圭畫軒藏
39(1)_0.jpg,750,0.jpg,苦瓜和尚濟畫法
39(9)_0.jpg,750,30.jpg,苦瓜和尚濟畫法
39(2)_0.jpg,751,0.jpg,苦瓜
39(7)_1.jpg,751,30.jpg,苦瓜
39(3)_1.jpg,752,0.jpg,原濟
39(4)_2.jpg,752,30.jpg,原濟
39(3)_2.jpg,753,0.jpg,石濤
39(4)_0.jpg,753,30.jpg,石濤
39(10)_0.jpg,754,0.jpg,老濤
39(6)_2.jpg,754,30.jpg,老濤
39(8)_1.jpg,755,0.jpg,原濟
39(6)_0.jpg,756,0.jpg,粤山
39(5)_0.jpg,757,0.jpg,法門
39(1)_1.jpg,758,0.jpg,虚齋鑑藏
39(7)_0.jpg,758,30.jpg,虚齋鑑藏
39(2)_1.jpg,759,0.jpg,虚齋審定
39(3)_0.jpg,760,0.jpg,龐萊臣珍賞印
39(5)_1.jpg,760,30.jpg,龐萊臣珍賞印
39(10)_1.jpg,761,0.jpg,萊臣心賞
39(8)_0.jpg,761,30.jpg,萊臣心賞
39(4)_1.jpg,762,0.jpg,虚齋鑑定
39(6)_1.jpg,762,30.jpg,虚齋鑑定
39(9)_1.jpg,763,0.jpg,有餘閒室寶藏
40_4.jpg,764,0.jpg,法門
40_3.jpg,765,0.jpg,苦瓜龢尚
40_0.jpg,766,0.jpg,墨池飛出北溟魚
40_2.jpg,767,0.jpg,藏之名山
40_1.jpg,768,0.jpg,上海市文物管理委員會藏記
41_0.jpg,769,0.jpg,老濤
41_1.jpg,770,0.jpg,劭儒經眼
44_0.jpg,771,0.jpg,清湘石道人
44_3.jpg,772,0.jpg,百峰中箬笠翁圖書
44_1.jpg,773,0.jpg,善果月之子天童忞之孫原濟之章
44_2.jpg,774,0.jpg,稚崖
45_2.jpg,775,0.jpg,清湘石濤
45_1.jpg,776,0.jpg,藏之名山
45_3.jpg,777,0.jpg,雙青樓
45_4.jpg,778,0.jpg,南北東西只有相隨無别離
45_6.jpg,779,0.jpg,蘇州梁清閬齋品定
45_5.jpg,780,0.jpg,梁俊青吴曼青夫婦珍翫
45_7.jpg,781,0.jpg,耕霞溪館
45_0.jpg,782,0.jpg,雲間汪承宗倬雲甫珍藏印
45_8.jpg,783,0.jpg,大風堂珍玩
45_9.jpg,784,0.jpg,程十髮
46_4.jpg,785,0.jpg,百峰中箬笠翁圖書
46_0.jpg,786,0.jpg,冰雪悟前身
46_1.jpg,787,0.jpg,苦瓜和尚
46_2.jpg,788,0.jpg,臣僧元濟
46_3.jpg,789,0.jpg,老濤
47_28.jpg,790,0.jpg,老濤
47_21.jpg,791,0.jpg,苦瓜和尚
47_22.jpg,792,0.jpg,冰雪悟前身
47_23.jpg,793,0.jpg,石濤
47_36.jpg,794,0.jpg,高陽李氏考藏
47_37.jpg,795,0.jpg,秀松堂鑒藏印
47_38.jpg,796,0.jpg,符曾經眼
47_29.jpg,797,0.jpg,端谿何叔子瑗玉號蘧盦過眼經籍金石書畫印記
47_30.jpg,798,0.jpg,聽帆樓書畫印
47_31.jpg,799,0.jpg,夢龍之印
47_33.jpg,800,0.jpg,逸軒珍藏
47_35.jpg,801,0.jpg,懷昊
47_32.jpg,802,0.jpg,雲谷曾藏識者寳之
47_24.jpg,803,0.jpg,袁鑒
47_27.jpg,804,0.jpg,葉夢龍鑒藏
47_34.jpg,805,0.jpg,詒晉齋印
47_26.jpg,806,0.jpg,月香書屋珍藏
47_20.jpg,807,0.jpg,雲巢審定
47_19.jpg,808,0.jpg,小司農
47_17.jpg,809,0.jpg,陳奕禧印
47_18.jpg,810,0.jpg,六謙
47_16.jpg,811,0.jpg,百不如人
47_14.jpg,812,0.jpg,徐雲書畫
47_15.jpg,813,0.jpg,文山氏
47_13.jpg,814,0.jpg,東皋主人
47_25.jpg,815,0.jpg,古愚
47_11.jpg,816,0.jpg,音布之印
47_12.jpg,817,0.jpg,聞遠
47_9.jpg,818,0.jpg,聽帆樓藏
47_10.jpg,819,0.jpg,河陽潘氏書畫
47_3.jpg,820,0.jpg,何昆玉印
47_4.jpg,821,0.jpg,潘季彤鑑賞章
47_5.jpg,822,0.jpg,葉氏風滿樓印
47_6.jpg,823,0.jpg,錢唐
47_7.jpg,824,0.jpg,袁氏春圃珍藏
47_8.jpg,825,0.jpg,行素居易主人
47_2.jpg,826,0.jpg,性靈
47_0.jpg,827,0.jpg,山齋
47_1.jpg,828,0.jpg,山形兩重者名英
48(2)_5.jpg,829,0.jpg,眼中之人吾老矣
48(2)_0.jpg,830,0.jpg,四百峰中箬笠翁圖書
48(2)_4.jpg,831,0.jpg,小乘客
48(2)_3.jpg,832,0.jpg,膏肓子濟
48(2)_2.jpg,833,0.jpg,瞎尊者
48(2)_1.jpg,834,0.jpg,清湘石濤
48(1)_9.jpg,835,0.jpg,苦瓜和尚濟畫法
48(1)_1.jpg,836,0.jpg,頭白依然不識字
48(1)_0.jpg,837,0.jpg,前有龍眠濟
48(1)_4.jpg,838,0.jpg,釋元濟印
48(1)_5.jpg,839,0.jpg,冰雪悟前身
48(1)_6.jpg,840,0.jpg,藏之名山
48(2)_6.jpg,841,0.jpg,虚齋鑑藏
48(2)_7.jpg,842,0.jpg,新安項源漢泉氏一字曰芝房印記
48(1)_3.jpg,843,0.jpg,虚齋審定
48(1)_7.jpg,844,0.jpg,佩裳寶藏
48(1)_8.jpg,845,0.jpg,佩裳平生真賞
48(1)_2.jpg,846,0.jpg,農髯
49_2.jpg,847,0.jpg,枝下人
49_3.jpg,848,0.jpg,臣僧元濟
49_0.jpg,849,0.jpg,苦瓜和尚
49_1.jpg,850,0.jpg,百峰中箬笠翁圖書
49_8.jpg,851,0.jpg,夏山樓藏書畫記
49_4.jpg,852,0.jpg,廙軒
49_5.jpg,853,0.jpg,震佑印信
49_6.jpg,854,0.jpg,程氏家藏
49_7.jpg,855,0.jpg,蔚起堂章
52_20.jpg,856,0.jpg,前有龍眠濟
52_21.jpg,857,0.jpg,瞎尊者
52_19.jpg,858,0.jpg,釋元濟印
52_22.jpg,859,0.jpg,秉綬私印
52_23.jpg,860,0.jpg,伯生
52_24.jpg,861,0.jpg,虞山蔣氏燕園書畫記
52_17.jpg,862,0.jpg,全慶私印
52_18.jpg,863,0.jpg,熊景星印
52_15.jpg,864,0.jpg,錢載
52_16.jpg,865,0.jpg,坤一書畫
52_14.jpg,866,0.jpg,㝱堂
52_12.jpg,867,0.jpg,大馮君
52_13.jpg,868,0.jpg,廉
52_11.jpg,869,0.jpg,門外漢
52_8.jpg,870,0.jpg,臣大昕
52_9.jpg,871,0.jpg,辛楣
52_10.jpg,872,0.jpg,竹汀
52_6.jpg,873,0.jpg,原湘
52_7.jpg,874,0.jpg,心青居士
52_5.jpg,875,0.jpg,古樵
52_3.jpg,876,0.jpg,康有爲
52_4.jpg,877,0.jpg,維新百日出亡十六年三周大地遊徧四洲經三十一國行六十萬里
52_2.jpg,878,0.jpg,知一念即無量劫
52_1.jpg,879,0.jpg,海日廔
52_0.jpg,880,0.jpg,曾熙之印
55_1.jpg,881,0.jpg,冰雪悟前身
55_2.jpg,882,0.jpg,苦瓜和尚
55_3.jpg,883,0.jpg,清湘石濤
55_4.jpg,884,0.jpg,瞎尊者
55_12.jpg,885,0.jpg,搜盡奇峰打艸稿
55_9.jpg,886,0.jpg,大千居士供養百石之一
55_10.jpg,887,0.jpg,不負古人告後人
55_11.jpg,888,0.jpg,泉唐孫氏仁伯鑒定
55_6.jpg,889,0.jpg,善子審定
55_5.jpg,890,0.jpg,大風堂漸江髡殘雪箇苦瓜墨緣
55_7.jpg,891,0.jpg,桂舟心賞
55_8.jpg,892,0.jpg,三吾半畝書屋賀氏藏
55_0.jpg,893,0.jpg,球圖寶骨肉情
57(3)_0.jpg,894,0.jpg,清湘石濤
57(4)_1.jpg,894,30.jpg,清湘石濤
57(5)_0.jpg,894,60.jpg,清湘石濤
57(8)_0.jpg,894,90.jpg,清湘石濤
57(1)_0.jpg,895,0.jpg,清湘老人
57(12)_2.jpg,895,30.jpg,清湘老人
57(2)_0.jpg,895,60.jpg,清湘老人
57(7)_4.jpg,895,90.jpg,清湘老人
57(10)_3.jpg,896,0.jpg,膏肓子濟
57(11)_2.jpg,896,30.jpg,膏肓子濟
57(6)_0.jpg,896,60.jpg,膏肓子濟
57(9)_0.jpg,897,0.jpg,苦瓜和尚濟畫法
57(5)_1.jpg,898,0.jpg,借亭
57(5)_2.jpg,899,0.jpg,銕墨
57(2)_1.jpg,900,0.jpg,鶴野
57(2)_3.jpg,901,0.jpg,乾浄齋
57(2)_2.jpg,902,0.jpg,借亭
57(2)_4.jpg,903,0.jpg,少文蔚
57(11)_3.jpg,904,0.jpg,張氏少文
57(11)_1.jpg,905,0.jpg,鐵墨
57(11)_0.jpg,906,0.jpg,借亭主人
57(3)_1.jpg,907,0.jpg,鶴野
57(3)_3.jpg,908,0.jpg,銕墨
57(3)_2.jpg,909,0.jpg,少文一字借亭
57(8)_1.jpg,910,0.jpg,景蔚
57(8)_2.jpg,911,0.jpg,乾坤一借亭
57(8)_3.jpg,912,0.jpg,蓮花泊上乾浄齋
57(1)_4.jpg,913,0.jpg,乾浄齋
57(1)_1.jpg,914,0.jpg,叔美心賞
57(1)_3.jpg,915,0.jpg,張景蔚
57(1)_2.jpg,916,0.jpg,字少文
57(12)_0.jpg,917,0.jpg,乾浄齋
57(12)_1.jpg,918,0.jpg,蓮泊
57(7)_1.jpg,919,0.jpg,張景蔚印
57(7)_2.jpg,920,0.jpg,鶴野茅屋
57(7)_0.jpg,921,0.jpg,蓮花泊上
57(4)_2.jpg,922,0.jpg,金傳聲
57(7)_3.jpg,922,30.jpg,金傳聲
57(6)_2.jpg,923,0.jpg,坡印閣
57(6)_3.jpg,924,0.jpg,景蔚 少文
57(6)_1.jpg,925,0.jpg,蓮泊居士
57(10)_1.jpg,926,0.jpg,静觀堂
57(10)_0.jpg,927,0.jpg,蓮花泊上乾浄齋
57(10)_2.jpg,928,0.jpg,張氏少文
57(4)_3.jpg,929,0.jpg,借亭
57(4)_4.jpg,930,0.jpg,蓮泊山房
57(4)_0.jpg,931,0.jpg,張景蔚印
57(9)_5.jpg,932,0.jpg,伉儷同賞
57(9)_2.jpg,933,0.jpg,少文
57(9)_6.jpg,934,0.jpg,鶴埜
57(9)_8.jpg,935,0.jpg,玉如珍賞
57(9)_1.jpg,936,0.jpg,銕墨堂
57(9)_4.jpg,937,0.jpg,丁惠康顧安宓夫婦同觀
57(9)_9.jpg,938,0.jpg,項源私印
57(9)_7.jpg,939,0.jpg,漢泉
57(9)_3.jpg,940,0.jpg,葦汀審定
58(1)_0.jpg,941,0.jpg,原濟
58(1)_1.jpg,942,0.jpg,石濤
58(2)_0.jpg,943,0.jpg,釋元濟印
58(8)_0.jpg,943,30.jpg,釋元濟印
58(2)_1.jpg,944,0.jpg,瞎尊者
58(3)_0.jpg,945,0.jpg,老濤
58(4)_1.jpg,945,30.jpg,老濤
58(4)_0.jpg,946,0.jpg,粤山
58(5)_0.jpg,947,0.jpg,前有龍眠濟
58(6)_0.jpg,948,0.jpg,苦瓜和尚濟畫法
58(7)_0.jpg,949,0.jpg,清湘石濤
59(4)_0.jpg,950,0.jpg,清湘石濤
59(5)_0.jpg,950,30.jpg,清湘石濤
59(6)_1.jpg,950,60.jpg,清湘石濤
59(7)_0.jpg,950,90.jpg,清湘石濤
59(1)_3.jpg,951,0.jpg,粤山
59(2)_1.jpg,951,30.jpg,粤山
59(3)_1.jpg,951,60.jpg,粤山
59(1)_2.jpg,952,0.jpg,半箇漢
59(2)_2.jpg,952,30.jpg,半箇漢
59(3)_0.jpg,952,60.jpg,半箇漢
59(8)_2.jpg,953,0.jpg,老濤
59(8)_0.jpg,954,0.jpg,膏肓子濟
59(5)_1.jpg,955,0.jpg,大千好夢
59(6)_2.jpg,956,0.jpg,大風堂漸江髡殘雪箇苦瓜墨緣
59(6)_0.jpg,957,0.jpg,君受之寶
59(7)_1.jpg,958,0.jpg,大千好夢
59(2)_0.jpg,959,0.jpg,大風堂
59(7)_2.jpg,959,30.jpg,大風堂
59(3)_2.jpg,960,0.jpg,藏之大千
59(4)_1.jpg,960,30.jpg,藏之大千
59(1)_1.jpg,961,0.jpg,大風堂
59(1)_0.jpg,962,0.jpg,大千居士供養百石之一
59(8)_4.jpg,963,0.jpg,石門李嘉福藏
59(8)_1.jpg,964,0.jpg,大風堂珍玩
59(8)_3.jpg,965,0.jpg,陸潤之藏
61(1)_7.jpg,966,0.jpg,苦瓜龢尚
61(1)_6.jpg,967,0.jpg,原濟
61(1)_1.jpg,968,0.jpg,石濤
61(2)_2.jpg,969,0.jpg,癡絶
61(2)_0.jpg,970,0.jpg,清湘老人
61(1)_8.jpg,971,0.jpg,一氓精鑑
61(2)_4.jpg,971,30.jpg,一氓精鑑
61(1)_9.jpg,972,0.jpg,無所著齋
61(2)_3.jpg,972,30.jpg,無所著齋
61(1)_0.jpg,973,0.jpg,大千好夢
61(1)_10.jpg,974,0.jpg,唐雲審定
61(1)_11.jpg,975,0.jpg,一氓所藏
61(1)_2.jpg,976,0.jpg,射湖漫士
61(1)_3.jpg,977,0.jpg,虞琴心賞
61(1)_4.jpg,978,0.jpg,李一甿
61(1)_5.jpg,979,0.jpg,大風堂
61(2)_5.jpg,980,0.jpg,李一氓五十後所得
61(2)_6.jpg,981,0.jpg,無所住齋鑑藏
61(2)_1.jpg,982,0.jpg,唐雲鑒定真跡
62_2.jpg,983,0.jpg,前有龍眠濟
62_0.jpg,984,0.jpg,小乘客
62_4.jpg,985,0.jpg,原濟
62_3.jpg,986,0.jpg,石濤
62_5.jpg,987,0.jpg,頭白依然不識字
62_6.jpg,988,0.jpg,苦瓜和尚
62_1.jpg,989,0.jpg,清湘石濤
62_7.jpg,990,0.jpg,曾經我眼即我有
62_11.jpg,991,0.jpg,蘭坡經眼
62_12.jpg,992,0.jpg,左田氏心賞
62_8.jpg,993,0.jpg,弢翁珍貦
62_9.jpg,994,0.jpg,世綱審定
62_10.jpg,995,0.jpg,休陽汪彦宣小梅甫珍藏
66(16)_1.jpg,996,0.jpg,樹鈞
66(20)_0.jpg,996,30.jpg,樹鈞
66(24)_1.jpg,996,60.jpg,樹鈞
66(12)_1.jpg,997,0.jpg,原濟
66(12)_2.jpg,998,0.jpg,石濤
66(10)_0.jpg,999,0.jpg,瞎尊者
66(14)_0.jpg,999,30.jpg,瞎尊者
66(18)_1.jpg,999,60.jpg,瞎尊者
66(22)_0.jpg,999,90.jpg,瞎尊者
66(6)_0.jpg,999,120.jpg,瞎尊者
66(23)_2.jpg,1000,0.jpg,原濟
66(4)_0.jpg,1001,0.jpg,老濤
66(5)_0.jpg,1001,30.jpg,老濤
66(1)_1.jpg,1002,0.jpg,半个漢
66(23)_1.jpg,1002,30.jpg,半个漢
66(23)_0.jpg,1003,0.jpg,頭白依然不識字
66(1)_0.jpg,1004,0.jpg,贊之十世孫阿長
66(2)_0.jpg,1004,30.jpg,贊之十世孫阿長
66(26)_0.jpg,1005,0.jpg,奇山甫
66(15)_0.jpg,1006,0.jpg,笛江
66(21)_0.jpg,1006,30.jpg,笛江
66(8)_0.jpg,1006,60.jpg,笛江
66(10)_1.jpg,1007,0.jpg,少唐審定
66(12)_0.jpg,1007,30.jpg,少唐審定
66(20)_1.jpg,1007,60.jpg,少唐審定
66(13)_0.jpg,1008,0.jpg,廣陶
66(14)_1.jpg,1009,0.jpg,嶽雪樓印
66(18)_0.jpg,1010,0.jpg,嶽雪樓鑒藏金石書畫圖籍之章
66(16)_0.jpg,1011,0.jpg,少唐心賞
66(24)_0.jpg,1011,30.jpg,少唐心賞
66(19)_0.jpg,1012,0.jpg,乾隆秀才嘉慶舉人道光進士咸豐老漁
66(7)_0.jpg,1013,0.jpg,張維屏印
66(7)_1.jpg,1014,0.jpg,南山
66(17)_0.jpg,1015,0.jpg,少唐翰墨
66(6)_1.jpg,1016,0.jpg,孔氏鑒定
66(25)_1.jpg,1017,0.jpg,陳其錕印
66(25)_0.jpg,1018,0.jpg,无所住齋
66(3)_0.jpg,1019,0.jpg,張爰
66(3)_1.jpg,1020,0.jpg,大千居士
79(1)_0.jpg,1021,0.jpg,清湘石濤
79(2)_0.jpg,1021,30.jpg,清湘石濤
79(3)_0.jpg,1021,60.jpg,清湘石濤
79(8)_4.jpg,1021,90.jpg,清湘石濤
79(9)_5.jpg,1021,120.jpg,清湘石濤
79(4)_0.jpg,1022,0.jpg,膏肓子濟
79(7)_0.jpg,1022,30.jpg,膏肓子濟
79(6)_0.jpg,1023,0.jpg,贊之十世孫阿長
79(11)_0.jpg,1024,0.jpg,前有龍眠濟
79(5)_0.jpg,1024,30.jpg,前有龍眠濟
79(12)_1.jpg,1025,0.jpg,清湘老人
79(10)_2.jpg,1026,0.jpg,苦瓜
79(10)_0.jpg,1027,0.jpg,原濟
79(8)_0.jpg,1028,0.jpg,劍泉真賞
79(12)_3.jpg,1029,0.jpg,景二
79(4)_2.jpg,1029,30.jpg,景二
79(8)_1.jpg,1029,60.jpg,景二
79(8)_3.jpg,1030,0.jpg,緣梅盦主供養
79(8)_2.jpg,1031,0.jpg,黔南景劍泉收藏書畫私印
79(1)_2.jpg,1032,0.jpg,子清所見
79(10)_3.jpg,1032,30.jpg,子清所見
79(11)_2.jpg,1032,60.jpg,子清所見
79(12)_0.jpg,1032,90.jpg,子清所見
79(2)_2.jpg,1032,120.jpg,子清所見
79(3)_3.jpg,1032,150.jpg,子清所見
79(4)_1.jpg,1032,180.jpg,子清所見
79(5)_1.jpg,1032,210.jpg,子清所見
79(6)_2.jpg,1032,240.jpg,子清所見
79(7)_2.jpg,1032,270.jpg,子清所見
79(8)_6.jpg,1032,300.jpg,子清所見
79(9)_3.jpg,1032,330.jpg,子清所見
79(1)_1.jpg,1033,0.jpg,景
79(7)_1.jpg,1033,30.jpg,景
79(10)_1.jpg,1034,0.jpg,劍泉
79(11)_1.jpg,1034,30.jpg,劍泉
79(5)_2.jpg,1034,60.jpg,劍泉
79(6)_1.jpg,1034,90.jpg,劍泉
79(9)_4.jpg,1034,120.jpg,劍泉
79(3)_1.jpg,1035,0.jpg,景氏
79(2)_1.jpg,1036,0.jpg,景劍泉家收藏
79(9)_1.jpg,1037,0.jpg,鴛湖姚氏頌南珍藏
79(9)_0.jpg,1038,0.jpg,劍泉珎賞
79(9)_2.jpg,1039,0.jpg,景氏劍泉收藏圖記
79(1)_3.jpg,1040,0.jpg,一片冰心（背面印）
79(10)_4.jpg,1040,30.jpg,一片冰心（背面印）
79(12)_2.jpg,1040,60.jpg,一片冰心（背面印）
79(2)_3.jpg,1040,90.jpg,一片冰心（背面印）
79(3)_2.jpg,1040,120.jpg,一片冰心（背面印）
79(4)_3.jpg,1040,150.jpg,一片冰心（背面印）
79(6)_3.jpg,1040,180.jpg,一片冰心（背面印）
79(8)_5.jpg,1040,210.jpg,一片冰心（背面印）
79(9)_6.jpg,1040,240.jpg,一片冰心（背面印）
82_0.jpg,1041,0.jpg,清湘老人
82_1.jpg,1042,0.jpg,膏肓子濟
82_5.jpg,1043,0.jpg,沈
82_3.jpg,1044,0.jpg,虚齋珍賞
82_2.jpg,1045,0.jpg,郁蘭堂珎賞
82_4.jpg,1046,0.jpg,上海市文物管理委員會藏記
86_1.jpg,1047,0.jpg,膏肓子濟
86_3.jpg,1048,0.jpg,清湘石濤
86_2.jpg,1049,0.jpg,大千居士供養百石之一
86_5.jpg,1050,0.jpg,球圖寶骨肉情
86_4.jpg,1051,0.jpg,上海市文物管理委員會藏記
86_7.jpg,1052,0.jpg,善孖心賞
86_6.jpg,1053,0.jpg,大風堂漸江髡殘雪箇苦瓜墨緣
86_0.jpg,1054,0.jpg,别時容易
89(16)_0.jpg,1055,0.jpg,虚齋祕玩
87_1.jpg,1056,0.jpg,前有龍眠濟
87_0.jpg,1057,0.jpg,老濤
87_2.jpg,1058,0.jpg,黄逵之印
89(11)_3.jpg,1059,0.jpg,老濤
89(10)_1.jpg,1060,0.jpg,清湘石濤
89(11)_0.jpg,1060,30.jpg,清湘石濤
89(9)_1.jpg,1061,0.jpg,前有龍眠濟
89(9)_0.jpg,1062,0.jpg,癡絶
89(10)_0.jpg,1063,0.jpg,膏肓子濟
89(10)_4.jpg,1064,0.jpg,瞎尊者
89(8)_1.jpg,1065,0.jpg,清湘老人
89(8)_0.jpg,1066,0.jpg,搜盡奇峰打艸稿
89(7)_2.jpg,1067,0.jpg,賜研齋印
89(10)_2.jpg,1068,0.jpg,龐萊臣珍賞印
89(2)_6.jpg,1068,30.jpg,龐萊臣珍賞印
89(7)_4.jpg,1068,60.jpg,龐萊臣珍賞印
89(7)_3.jpg,1069,0.jpg,吴雲私印
89(7)_1.jpg,1070,0.jpg,醇士
89(7)_0.jpg,1071,0.jpg,戴熙
89(7)_5.jpg,1072,0.jpg,臣戴熙恭藏
89(5)_4.jpg,1073,0.jpg,上海市文物管理委員會藏記
89(9)_3.jpg,1073,30.jpg,上海市文物管理委員會藏記
89(5)_3.jpg,1074,0.jpg,有餘閒室寶藏
89(5)_2.jpg,1075,0.jpg,何紹基印
89(5)_0.jpg,1076,0.jpg,子貞
89(5)_5.jpg,1077,0.jpg,虚齋鑑藏
89(8)_3.jpg,1077,30.jpg,虚齋鑑藏
89(9)_4.jpg,1077,60.jpg,虚齋鑑藏
89(17)_3.jpg,1078,0.jpg,吴平齋秘篋印
89(5)_1.jpg,1078,30.jpg,吴平齋秘篋印
89(11)_2.jpg,1079,0.jpg,虚齋至精之品
89(10)_3.jpg,1080,0.jpg,之萬
89(11)_4.jpg,1080,30.jpg,之萬
89(9)_2.jpg,1080,60.jpg,之萬
89(11)_1.jpg,1081,0.jpg,皕禊室主人
89(9)_5.jpg,1082,0.jpg,歸安吴雲平生珍祕
89(10)_5.jpg,1083,0.jpg,吴雲平齋長壽
89(8)_2.jpg,1084,0.jpg,平齋審定真迹
89(12)_1.jpg,1085,0.jpg,張爰
89(12)_2.jpg,1086,0.jpg,大千居士
89(12)_0.jpg,1087,0.jpg,萊臣心賞
89(3)_2.jpg,1087,30.jpg,萊臣心賞
89(1)_0.jpg,1088,0.jpg,虚齋珍賞
89(3)_1.jpg,1088,30.jpg,虚齋珍賞
89(1)_1.jpg,1089,0.jpg,張爰之印
89(1)_2.jpg,1090,0.jpg,大千
89(13)_0.jpg,1091,0.jpg,張爰之印
89(14)_1.jpg,1091,30.jpg,張爰之印
89(14)_0.jpg,1092,0.jpg,虚齋祕翫
89(16)_2.jpg,1093,0.jpg,張爰
89(16)_1.jpg,1094,0.jpg,大千
89(15)_0.jpg,1095,0.jpg,塒齋
89(17)_0.jpg,1096,0.jpg,孫枝蔚印
89(19)_1.jpg,1097,0.jpg,舊許
89(17)_2.jpg,1098,0.jpg,豹入
89(17)_4.jpg,1099,0.jpg,虚齋審定
89(17)_1.jpg,1100,0.jpg,吴興龐氏珍藏
89(19)_0.jpg,1101,0.jpg,鼎臣
89(19)_2.jpg,1102,0.jpg,硯北
89(19)_3.jpg,1103,0.jpg,源燾
89(19)_4.jpg,1104,0.jpg,天球私印
89(19)_5.jpg,1105,0.jpg,無華
89(2)_7.jpg,1106,0.jpg,髯公
89(2)_3.jpg,1107,0.jpg,井東
89(2)_4.jpg,1108,0.jpg,戴熙
89(2)_2.jpg,1109,0.jpg,醇士
89(2)_5.jpg,1110,0.jpg,平齋心賞
89(2)_1.jpg,1111,0.jpg,平齋心賞
89(2)_0.jpg,1112,0.jpg,師堀主人
89(18)_1.jpg,1113,0.jpg,何紹基印
89(18)_2.jpg,1114,0.jpg,子貞
89(18)_0.jpg,1115,0.jpg,萊臣審藏真跡
89(3)_3.jpg,1116,0.jpg,吴大澂印
89(3)_0.jpg,1117,0.jpg,愙齋
89(13)_5.jpg,1118,0.jpg,虚齋
89(13)_3.jpg,1119,0.jpg,庚辰重游泮水
89(13)_2.jpg,1120,0.jpg,元濟之符
89(13)_4.jpg,1121,0.jpg,萊臣
89(13)_1.jpg,1122,0.jpg,覺萊道人時年七十又七
89(13)_6.jpg,1123,0.jpg,大千
98(3)_3.jpg,1124,0.jpg,元濟
98(5)_1.jpg,1124,30.jpg,元濟
98(7)_2.jpg,1124,60.jpg,元濟
98(3)_2.jpg,1125,0.jpg,苦瓜
98(5)_0.jpg,1125,30.jpg,苦瓜
98(7)_1.jpg,1125,60.jpg,苦瓜
98(10)_3.jpg,1126,0.jpg,清湘老人
98(2)_4.jpg,1126,30.jpg,清湘老人
98(1)_1.jpg,1127,0.jpg,原濟
98(4)_2.jpg,1127,30.jpg,原濟
98(1)_0.jpg,1128,0.jpg,石濤
98(4)_3.jpg,1128,30.jpg,石濤
98(6)_1.jpg,1129,0.jpg,老濤
98(8)_0.jpg,1130,0.jpg,頭白依然不識字
98(9)_0.jpg,1131,0.jpg,瞎尊者
98(10)_2.jpg,1132,0.jpg,膏肓子濟
98(1)_2.jpg,1133,0.jpg,吴湖帆珍藏印
98(2)_2.jpg,1133,30.jpg,吴湖帆珍藏印
98(4)_1.jpg,1133,60.jpg,吴湖帆珍藏印
98(5)_3.jpg,1133,90.jpg,吴湖帆珍藏印
98(6)_0.jpg,1133,120.jpg,吴湖帆珍藏印
98(7)_0.jpg,1133,150.jpg,吴湖帆珍藏印
98(8)_1.jpg,1133,180.jpg,吴湖帆珍藏印
98(9)_1.jpg,1133,210.jpg,吴湖帆珍藏印
98(5)_2.jpg,1134,0.jpg,梅景書屋
98(2)_1.jpg,1135,0.jpg,梅景書屋
98(10)_4.jpg,1136,0.jpg,梅景書屋
98(4)_0.jpg,1136,30.jpg,梅景書屋
98(2)_0.jpg,1137,0.jpg,吴湖帆印
98(2)_3.jpg,1138,0.jpg,迢迢閣
98(2)_5.jpg,1139,0.jpg,倩盦
98(3)_0.jpg,1140,0.jpg,梅景書屋祕笈
98(3)_1.jpg,1141,0.jpg,吴湖帆潘静淑珍藏印
98(1)_3.jpg,1142,0.jpg,梅景書屋
98(10)_1.jpg,1143,0.jpg,吴湖帆潘静淑珎藏印
98(10)_6.jpg,1144,0.jpg,大鉢子
98(10)_5.jpg,1145,0.jpg,雲壑艸堂
98(10)_0.jpg,1146,0.jpg,破硯齋月坡珍藏
98(10)_7.jpg,1146,30.jpg,破硯齋月坡珍藏
98(10)_8.jpg,1147,0.jpg,醜簃詞境
